id,manufacturer,product_item,description,total_ins,total_outs,date_out,stock_inhand,sr_no,mac_product_no,to_user,to_client,ticket_id,inventory_comments,created_date,,,,,,
1,,Yealink T54W,,,3,,,,,Metrox,,"#2494
#2495
#2496",,2023-01-25,,,,,,
2,,Yealink T54W,,,7,,,,,Ontario Transway,,#3206,,2023-03-03,,,,,,
3,,Yealink Cordless,,,1,,,,,Ontario Transway,,#3206,,2023-03-03,,,,,,
4,,Yealink T54W,,,1,,,,,Ameya,Ameya,#3329,,2023-03-08,,,,,,
5,,Yealink T54W,,,1,,,,,Rajkaran,Rajkaran,,,2023-03-17,,,,,,
6,,Yealink T54W,,,1,,,,,Simar Uppal,Freight Hub Logistic,#4027,,2023-04-20,,,,,,
7,,Yealink T54W,,,1,,,,,Varinder Rana,Gracious,#4362,,2023-04-29,,,,,,
8,,Desktop,,,1,,,,,Harman Thind,Diamond,#4521,,2023-05-03,,,,,,
9,,LCD,,,2,,,,,Harman Thind,Diamond,#4521,,2023-05-03,,,,,,
10,,Desktop,,,1,,,,,,Galaxy,#4621,,2023-05-03,,,,,,
11,,LCD,,,1,,,,,,Galaxy,#4621,,2023-05-03,,,,,,
12,,Desktops,,7,,,,,,,,,,2023-05-09,,,,,,
13,,Desktop,,,1,,,,,Dhvani ,Gracious,#5170,,2023-05-26,,,,,,
14,,Desktop,,,1,,,,,MandeepKhroud,Diamond,#5286,,2023-06-05,,,,,,
15,,LCD,,,1,,,,,MandeepKhroud,Diamond,#5286,,2023-06-05,,,,,,
16,,LCD,,,2,,,,,Ravi Grewal,Diamond,#5375,,2023-06-05,,,,,,
17,,Desktop,,,1,,,,,Ravi Grewal,Diamond,#5375,,2023-06-05,,,,,,
18,,Desktop,,,1,,,,,Simar,Diamond,#5373,,2023-06-05,,,,,,
19,,Desktop,,,1,,,,,Gary,CIC,#5417,,2023-06-07,,,,,,
20,,Desktop,,,1,,,,,Ruby - Personal,CIC,#5422,,2023-06-07,,,,,,
21,,Desktops - HP,"i7-6th gen, 256 NVme + 500 GB + 16 GB RAM",10,8,,,,,"7 - Haulage North America, 1 - Gracious(AnjaliRana #8843)",,,,2023-06-09,,,,,,
22,,"LCD - Dell 22""",,2,,,,,,,,,,2023-06-09,,,,,,
23,Yealink,Yealink T54W,Ezeetel,8,,,,,,,,,,2023-06-12,,,,,,
24,Yealink,Power Adapter,,2,2,2024-10-09,,,,,Diamond,#20132,,2023-06-12,,,,,,
25,MPOW,Bluetooth HeadSet,Ezeetel,2,,,,,,,,,,2023-06-12,,,,,,
26,Yealink,Yealink T54W,,,8,,,,,Jag,Arthur Transport,,,2023-06-13,,,,,,
27,,Bluetooth HeadSet,,5,5,,,,,Jag,Arthur Transport,,,2023-06-13,,,,,,
28,HP,Desktop HP EliteDesk,,,1,,,,,Amita Verma,Diamond Insurance,#5862,,2023-06-28,,,,,,
29,Yealink,Yealink T54W,,1,2,,,,,Jag,Arthur Transport,#5913,,2023-06-30,,,,,,
30,Yealink,Power Adapter,In my Desk Drawers,1,2,,,,,Jag,Arthur Transport,#5913,,2023-06-30,,,,,,
31,HP,Desktops - HP,"i7-6th gen, 256 NVme",5,,,,,,,,,,2023-07-04,,,,,,
32,Yealink,Yealink T54W,,1,1,,,,,Jag,Arthur Transport,#6838,,2023-07-24,,,,,,
33,Yealink,Power Adapter,,1,,,,,,,,,,2023-07-24,,,,,,
34,Yealink,Spiral Cord - T53,,,1,,,,,Wise - Sapna,,,,2023-07-24,,,,,,
35,Dell,Dell Precision T1700,,2,2,,,,,1 Faulty Display,1 - #9827,Gracious Warehouse,,2023-08-04,,,,,,
36,HP,Desktops - HP,#9172,,1,,,,,Galaxay Flooring,"i7-6th gen, 256 NVme + 500 GB + 16 GB RAM",,,2023-11-20,,,,,,
37,Dell,"LCD - Dell 22""",#9172,,1,,,,,Galaxay Flooring,,,,2023-11-20,,,,,,
38,Yealink,Yealink T54W,,1,1,,,201081F051209236,,,#9493,Gracious,,2023-12-04,,,,,,
39,Yealink,Yealink T54W,,1,1,,,201081F051207094,,,#9749,Haulage,,2023-12-04,,,,,,
40,Yealink,Yealink T54W,,1,1,,,201081F051208219,,,#9749,Haulage,,2023-12-04,,,,,,
41,Yealink,Yealink T54W,,1,1,,,201081F051208917,,,#9749,Haulage,,2023-12-04,,,,,,
42,Yealink,Yealink W56H,,1,1,,,8.30152E+15,,,#9493,Gracious,,2023-12-04,,,,,,
43,Yealink,Power Adapter,,,3,,,,,#9749,Haulage,,,2023-12-04,,,,,,
44,Yealink,Power Adapter,,,1,,,,,#9493,Gracious,,,2023-12-04,,,,,,
45,Yealink,Yealink W56H,,1,1,2024-04-22,,8.30152E+15,,,Gracious,#13229,,2023-12-04,,,,,,
46,Yealink,Yealink T54W,,1,1,2024-04-30,,201081F051206650,,,Haulage,#13185,,2023-12-04,,,,,,
47,Yealink,Yealink T54W,,1,1,2024-06-05,,201081F051207090,249AD8800E3B,,Ontario Transway,#14101,,2023-12-04,,,,,,
48,Yealink,Yealink T54W,,1,1,2024-04-22,,201081F051208036,,,Gracious,#13381,,2023-12-04,,,,,,
49,Yealink,Yealink T54W,,1,1,2024-06-05,,201081F051208231,249AD88026A9,,Ontario Transway,#14101,,2023-12-04,,,,,,
50,Yealink,Yealink T54W,,1,1,2024-04-22,,201081F051208772,,,Gracious,#13381,,2023-12-04,,,,,,
51,Yealink,Yealink T54W,,1,1,,,201081F051206263,,,#9918,Gracious - Oakville,,2023-12-07,,,,,,
52,Laptop,Dell Precision T1700,,1,1,,,,,#9730,Diamond,,,2023-12-20,,,,,,
53,,Wireless Router,,1,1,,,,,Haulage For Rogers Fiber,,#10138,,2023-12-29,,,,,,
54,Yealink,Yealink T53,,5,5,,,,,Haulage North America,,#10591,,2024-01-16,,,,,,
55,,Phone Adapters,,5,5,,,,,Haulage North America,,#10591,,2024-01-17,,,,,,
56,,Phone Adapters,,,2,,,,,Arthur Transport - New site,,#11031,,2024-01-17,,,,,,
57,Yealink,Yealink T53,,,1,,,,,Gracious Oakville,,#2452,,2024-01-20,,,,,,
58,Dell,Laptop Latitude 7480,,2,2,,,,,"Diamond - Hamza Mahmood, Jasmeet Singh",,#11253,,2024-01-30,,,,,,
59,,NvMe Drive,,1,1,,,,,Installed in PC under the desk,,,,2024-01-30,,,,,,
60,,Desktops - HP,#11838,,1,,,,,MSS Machining,"i7-6th gen, 256 NVme + 500 GB + 16 GB RAM",,,2024-02-21,,,,,,
61,Rajkaran Home,"Dell 27"" LCD",,2,2,,,,,MSS Machining,,#11838,,2024-02-21,,,,,,
62,,Cisco Switch,,,1,,,,,Haulage North America,,#11956,,2024-02-28,,,,,,
63,,"Dell 23""LCD",,2,2,,,10-Apr-24,,Haulage,,#13048,,2024-04-09,,,,,,
64,,Desktops - HP,"i7-6th gen, 256 NVme + 500 GB + 16 GB RAM",,1,,,,,Haulage,,#13048,,2024-04-10,,,,,,
65,,Cisco Switch,,,2,,,,,Gracious,,#13223,,2024-04-13,,,,,,
66,,Microtik Router,,1,1,,,,,Gracious,,#13224,,2024-04-14,,,,,,
67,Dell,Laptop Latitude 7480,,4,4,,,,,Diamond,,#13021,,2024-04-15,,,,,,
68,,Desktops - HP,"i7-6th gen, 256 NVme + 500 GB + 16 GB RAM",,2,,,,,Gracious,,#13386,,2024-04-22,,,,,,
69,Yealink,Spiral Cord - T53,,,1,,,,,Ontario Transway,,#13451,,2024-04-25,,,,,,
70,Yealink,Yealink T53,,,1,,,Haulage,,301086E011004217,MAC# 805E0C7AEB80,#13185,,2024-04-30,,,,,,
71,,Yealink W56H,,1,1,,,,,Gracious,,#13229,,2024-05-03,,,,,,
72,,Dell Latitude 7480,Ticket to be closed,2,2,,,,,Diamond,,#13021,,2024-05-03,,,,,,
73,,Dell Elite Desk,Varinder Rana cancelled this,1,,,,,,,SN#MXL746213P,,,2024-05-03,,,,,,
74,,Dell Latitude 7480,,5,5,,,,,Diamond,,#13738,,2024-05-16,,,,,,
75,,Dell Latitude 7480,System Model        Latitude 7480  - i5-6300U CPU @ 2.40GHz - HDD 256GB SSD - (RAM) 16.0 GB,1,1,2024-06-25,,22GYGH2,,,Diamond,#13922,,2024-05-21,,,,,,
76,,Dell Latitude 7480,System Model        Latitude 7480  - i5-6300U CPU @ 2.40GHz - HDD 256GB SSD - (RAM) 16.0 GB,1,1,2024-06-25,,BR5XPQ2,,,Diamond,#14911,,2024-05-21,,,,,,
77,,Dell Latitude 7480,System Model        Latitude 7480  - i5-6300U CPU @ 2.40GHz - HDD 256GB SSD - (RAM) 16.0 GB,1,1,2024-06-25,,3MTRHM2,,,Diamond,#14970,,2024-05-21,,,,,,
78,,Dell Latitude 7480,System Model        Latitude 7480  - i5-6300U CPU @ 2.40GHz - HDD 256GB SSD - (RAM) 16.0 GB,1,1,2024-06-25,,CD1CHR2,,,Diamond,#14883,,2024-05-21,,,,,,
79,,Dell Latitude 7480,System Model        Latitude 7480  - i5-6300U CPU @ 2.40GHz - HDD 256GB SSD - (RAM) 16.0 GB,1,1,2024-06-27,,CYLKHR2,,,Diamond,#15038,,2024-05-21,,,,,,
80,tp-link,5-Port Gigabit Desktop Switch - TLSG1005D,Model TL-SG1005D(UN) Ver:11.0,1,,,,,,,,,,2024-05-30,,,,,,
81,Kingston,Solid-State Drive - 240GB,10x Faster Plus - 240GB Drive,1,,,,,,,,,,2024-05-30,,,,,,
82,Yealink,Yealink T53,,1,1,2024-06-18,,2.01087E+15,249AD8985847,,Roadies,#14786,,2024-06-05,,,,,,
83,Yealink,Yealink T53,,1,1,2024-06-18,,201086F121004247,249AD898583D,,Roadies,#14787,,2024-06-05,,,,,,
84,Yealink,Yealink T54W,,1,1,2024-06-05,,301081G011202884,249AD8A524C8,,Ontario Transway,#14101,,2024-06-05,,,,,,
85,Yealink,Yealink T54W,,1,1,2025-12-23,,301081G011205899,249AD8A54168,,A Class Collission,#22245,,2024-06-05,,,,,,
86,Yealink,Yealink T53,,1,1,2024-09-12,,201086F121004154,249AD8985C44,,Haulage,#19076,,2024-06-05,,,,,,
87,Yealink,Yealink T53,,1,1,2024-06-05,,201086F121002329,249AD8985841,,Haulage,#14294,,2024-06-05,,,,,,
88,,Desktops - HP,"i7-6th gen, 256 NVme + 500 GB + 16 GB RAM",,1,2024-06-05,,MXL746213P,,,Haulage,#14294,,2024-06-05,,,,,,
89,,Desktops - HP,"i7-6th gen, 256 NVme + 500 GB + 16 GB RAM",,1,2024-06-05,,2UA7391WB4,,,Haulage,#14294,,2024-06-05,,,,,,
90,Yealink,Business Phone - SIP - T54W,,1,1,2025-01-31,,301081G011200999,249AD8A541D8,,Diamond,#22891,,2024-06-05,,,,,,
91,Dell,Workstations - Dell,,,1,2024-06-19,,7TW9FB2,,,Metrox,#14822,,2024-06-19,,,,,,
92,Dell,Workstations - Dell,,,1,2024-06-19,,98K9RD2,,,Metrox,#14822,,2024-06-19,,,,,,
93,Dell CPU,Dell OptiPlex,"16 GB RAM , 1TB SSD +500 GBIntel(R) Core(TM) i7-8700 CPU @ 3.20GHz, 3192 Mhz, 6 Core(s), 12 Logical Processor(s)",1,1,,,702HZV2,,Gary Virk,CIC,#20214,,2024-06-20,,,,,,
94,Dell CPU,Dell OptiPlex,"16 GB RAM , 1TB SSD +500 GBIntel(R) Core(TM) i7-8700 CPU @ 3.20GHz, 3192 Mhz, 6 Core(s), 12 Logical Processor(s)",1,1,2024-06-26,,CMV9ZV2,,Parminder Singh,Metrox,#14992,,2024-06-20,,,,,,
95,Dell CPU,Dell OptiPlex,"16 GB RAM , 1TB SSD +500 GBIntel(R) Core(TM) i7-8700 CPU @ 3.20GHz, 3192 Mhz, 6 Core(s), 12 Logical Processor(s)",1,1,2024-08-29,,4T2WDW2,,,AUGMENTED NETWORKS,#18383,,2024-06-20,,,,,,
96,Dell CPU,Dell OptiPlex,"16 GB RAM , 1TB SSD +500 GBIntel(R) Core(TM) i7-8700 CPU @ 3.20GHz, 3192 Mhz, 6 Core(s), 12 Logical Processor(s)",1,1,2024-06-26,,4T4VDW2,,Manpreet Kaur,Metrox,#14992,,2024-06-20,,,,,,
97,Dell CPU,Dell OptiPlex,"16 GB RAM , 1TB SSD +500 GBIntel(R) Core(TM) i7-8700 CPU @ 3.20GHz, 3192 Mhz, 6 Core(s), 12 Logical Processor(s)",1,,,,4ZDFJV2,,Manu Desk,,,,2024-06-20,,,,,,
98,Yealink,Yealink W56H,,1,1,2024-06-25,,8.30152E+15,,,Gracious,#14866,,2024-06-21,,,,,,
99,Yealink,Yealink W56H,,1,1,2024-06-25,,8.30152E+15,,,Gracious,#14866,,2024-06-21,,,,,,
100,Yealink,Yealink W56H,,1,,,,8.30152E+15,,,,,,2024-06-21,,,,,,
101,Dell CPU,Dell OptiPlex,"16 GB RAM , 1TB SSD +500 GBIntel(R) Core(TM) i7-8700 CPU @ 3.20GHz, 3192 Mhz, 6 Core(s), 12 Logical Processor(s)",1,1,,,CMZFZV2,,,Sandeep Mann - Personal,#14873,,2024-06-24,,,,,,
102,Dell CPU,Dell OptiPlex,"16 GB RAM , 1TB SSD +500 GBIntel(R) Core(TM) i7-8700 CPU @ 3.20GHz, 3192 Mhz, 6 Core(s), 12 Logical Processor(s)",1,1,2024-06-26,,BC93JV2,,Abhisheik,Metrox,#14992,,2024-06-24,,,,,,
103,Dell CPU,Dell OptiPlex,"16 GB RAM , 1TB SSD +1 TB HDD Intel(R) Core(TM) i7-8700 CPU @ 3.20GHz, 3192 Mhz, 6 Core(s), 12 Logical Processor(s)",1,1,2024-09-13,,702DZV2,,Harpreet PC,Haulage NA,,,2024-06-24,,,,,,
104,Dell CPU,Dell OptiPlex,"16 GB RAM , 1TB SSD +500 GBIntel(R) Core(TM) i7-8700 CPU @ 3.20GHz, 3192 Mhz, 6 Core(s), 12 Logical Processor(s)",1,1,2024-09-13,,4T2YDW2,,Dispatch Department,Haulage NA,,,2024-06-24,,,,,,
105,,HDMI to Display Converter,,10,,,,,,,,,,2024-06-24,,,,,,
106,,VGA to Display,,10,1,,,,,,,,,2024-06-24,,,,,,
107,,VGA CAbles,,5,,,,,,,,,,2024-06-24,,,,,,
108,Dell CPU,Dell OptiPlex,,1,1,2025-01-24,,CMZ9ZV2,"16 GB RAM , 1TB SSD +500 GB,i7-8700 CPU @ 3.20GHz, 3192 Mhz, 6 Core(s), 12 Logical Processor(s)",,Haulage,#23406,,2024-06-24,,,,,,
109,Dell - Laptop,Dell Latitude 7480,Faulty Keyboard,1,1,,,296H3M2,,Return from Diamond,Returned to Vendor,#13922,,2024-06-27,,,,,,
110,Dell - Laptop,Dell Latitude 7480,System Model        Latitude 7480  - i5-6300U CPU @ 2.40GHz - HDD 256GB SSD - (RAM) 16.0 GB,1,1,2024-08-09,,3RJSNN2,,,Diamond,#17901,,2024-06-27,,,,,,
111,Dell - Laptop,Dell Latitude 7480,System Model        Latitude 7480  - i5-6300U CPU @ 2.40GHz - HDD 256GB SSD - (RAM) 16.0 GB,1,1,2024-07-05,,8T8NFH2,,,Diamond,#15702,,2024-06-27,,,,,,
112,Dell - Laptop,Dell Latitude 7480,System Model        Latitude 7480  - i5-6300U CPU @ 2.40GHz - HDD 256GB SSD - (RAM) 16.0 GB,1,1,2024-07-30,,ServiceTag S/N:H6MNMQ2,Bios S/N: 412CHR2,,Diamond,#17615,,2024-06-27,,,,,,
113,Dell - Laptop,Dell Latitude 7480,System Model        Latitude 7480  - i5-6300U CPU @ 2.40GHz - HDD 256GB SSD - (RAM) 16.0 GB,1,1,,,B1FRNN2,,HDD issue,Returned to Vendor,,,2024-06-27,,,,,,
114,Dell - Laptop,Dell Latitude 7480,System Model        Latitude 7480  - i5-6300U CPU @ 2.40GHz - HDD 256GB SSD - (RAM) 16.0 GB,1,1,2024-07-27,,B98P0N2,,,Diamond,#17389,,2024-06-27,,,,,,
115,Dell - Laptop,Dell Latitude 7480,System Model        Latitude 7480  - i5-6300U CPU @ 2.40GHz - HDD 256GB SSD - (RAM) 16.0 GB,1,1,2024-07-30,,J7K4QQ2,,,Diamond,#17615,,2024-06-27,,,,,,
116,Dell - Laptop,Dell Latitude 7480,System Model        Latitude 7480  - i5-6300U CPU @ 2.40GHz - HDD 256GB SSD - (RAM) 16.0 GB,1,1,2024-07-30,,G3LMHR2,,,diamond,#17615,,2024-06-27,,,,,,
117,Dell - Laptop,Dell Latitude 7480,System Model        Latitude 7480  - i5-6300U CPU @ 2.40GHz - HDD 256GB SSD - (RAM) 16.0 GB,1,1,2024-07-15,,3MWS7S2,,,Diamond,#16831,,2024-06-27,,,,,,
118,Dell - Laptop,Dell Latitude 7480,System Model        Latitude 7480  - i5-6300U CPU @ 2.40GHz - HDD 256GB SSD - (RAM) 16.0 GB,1,1,2024-07-15,,9CPCST2,,,Diamond,#16831,,2024-06-27,,,,,,
119,Dell - Laptop,Dell Latitude 7480,System Model        Latitude 7480  - i5-6300U CPU @ 2.40GHz - HDD 256GB SSD - (RAM) 16.0 GB,1,1,2024-08-09,,JTH7RN2,,,Diamond,#17852,,2024-06-27,,,,,,
120,Yealink - Base DECT IP Phone Base W70B,Yealink - DECT IP Phone W76P(Combo Splitted for Base),,1,1,2024-07-11,,802017F072500695,,,Gracious,#14866,,2024-07-11,,,,,,
121,Yealink - Phone DECT IP Phone W56H,Yealink - DECT IP Phone W76P(Combo Splitted for Phone),,1,1,2024-07-11,,8.30152E+15,,,Gracious,#14866,,2024-07-11,,,,,,
122,,Dell Monitor- P2419H,,1,1,2024-07-24,,CN-0GMGXF,,,Sandeep mann,#14873,,2024-07-24,,,,,,
123,,Dell Monitor- P2419H,,1,1,2024-07-24,,CN-0G8TVH,,,Sandeep mann,#14873,,2024-07-24,,,,,,
124,Synology,Synology - Disk Station DS923+    4-BAY,,1,1,2024-09-18,,2440TQR9V3YX6,,,Gracious,#18220,,2024-07-25,,,,,,
125,Synology,Synology - Disk Station DS923+    4-BAY,,1,,,,2440TQRQGWZJV,,,,,,2024-07-25,,,,,,
126,Dell - Laptop,Dell Latitude 7480,System Model        Latitude 7480  - i5-6300U CPU @ 2.40GHz - HDD 256GB SSD - (RAM) 16.0 GB,1,1,2024-08-15,,CDSSPQ2,#20131,Return from Diamond twice defective keyboard + usb damage,Diamond,#18044,,2024-08-12,,,,,,
127,Dell - Laptop,Dell Latitude 7480,System Model        Latitude 7480  - i5-6300U CPU @ 2.40GHz - HDD 256GB SSD - (RAM) 16.0 GB,1,1,2024-08-15,,1VMNFH2,,Amanpreet Kaur Dhaliwal,Diamond,#17920,,2024-08-12,,,,,,
128,Dell - Laptop,Dell Latitude 7480,System Model        Latitude 7480  - i5-6300U CPU @ 2.40GHz - HDD 256GB SSD - (RAM) 16.0 GB,1,1,2024-08-21,,B1FTNN2,,Gurpreet Kaur,Diamond,#18185,,2024-08-21,,,,,,
129,Dell - Laptop,Dell Latitude 7480,System Model        Latitude 7480  - i5-6300U CPU @ 2.40GHz - HDD 256GB SSD - (RAM) 16.0 GB,1,1,2024-08-27,,296H3M2,,Angadpratap Singh,Diamond,,,2024-08-21,,,,,,
130,Dell - Docking Station,Dell WD15,,1,,,,05FDDV - 12966-81K-0104-A05,8C-EC-4B-2A-3D-C8,,,,,2024-08-21,,,,,,
131,Dell - Laptop,Dell Latitude 7480,"On Oct 2, 2024 Laptop given to Ravinder Singh as replacement #19853",1,1,,,JTH7RN2,,Angadpratap Singh (Returned),Diamond,#18362,,2024-08-27,,,,,,
132,HP - Laptop,HP WAS11UC#ABA,System Model HP WAS11UC#ABA,1,1,2024-08-28,,5CG8060SLG,,Returned to Rohit(Vendor),Diamond,#18362,,2024-08-27,,,,,,
133,Dell - Laptop,Dell Latitude 7480,System Model Latitude 7480 - i5-6300U CPU @ 2.40GHz - HDD 256GB - (RAM) 16.0 GB,1,1,,,2N338S2 (2018),,Replacement to Diamond,,#20131,,2024-08-28,,,,,,
134,Dell - Laptop,Dell Latitude 7480,System Model Latitude 7480 - i5-6300U CPU @ 2.40GHz - HDD 256GB - (RAM) 16.0 GB,1,1,,,G2HBYY2 ,,Harkaran Singh,Diamond,#19880,,2024-08-28,,,,,,
135,Dell - Laptop,Dell Latitude 7480,System Model Latitude 7480 - i5-6300U CPU @ 2.40GHz - HDD 256GB - (RAM) 16.0 GB,1,1,,,837DYY2,,Aman Sidhu / Harkaran ,Diamond,#19875,,2024-08-28,,,,,,
136,Dell - Laptop,Dell Latitude 7480,System Model Latitude 7480 - i5-6300U CPU @ 2.40GHz - HDD 256GB - (RAM) 16.0 GB,1,1,,,DD3CYY2,,Jasmeet Singh,Diamond,#20297,,2024-08-28,,,,,,
137,Dell - Laptop,Dell Latitude 7480,System Model Latitude 7480 - i5-6300U CPU @ 2.40GHz - HDD 256GB - (RAM) 16.0 GB,1,1,,,HBVYPQ2 (2018),,dig\shahroz,Diamond,#18435,,2024-08-28,,,,,,
138,Dell - Laptop,Dell Latitude 7480,System Model Latitude 7480 - i5-6300U CPU @ 2.40GHz - HDD 256GB - (RAM) 16.0 GB,1,1,,,6JVCRV2,,Ravi Grewal,Diamond,#20615,,2024-08-28,,,,,,
139,Dell - Laptop,Dell Latitude 7480,System Model Latitude 7480 - i5-6300U CPU @ 2.40GHz - HDD 256GB - (RAM) 16.0 GB,1,,,,9S5XPQ2 (2018),laptop Keys Issue- Returning,,,,,2024-08-28,,,,,,
140,Dell - Laptop,Dell Latitude 7480,System Model Latitude 7480 - i5-6300U CPU @ 2.40GHz - HDD 256GB - (RAM) 16.0 GB,1,1,2024-09-25,,5B6M1N2,Battery Issue - returned by Diamond - Returning,,Diamond,#19651,,2024-08-28,,,,,,
141,Dell - Laptop,Dell Latitude 7480,System Model Latitude 7480 - i5-6300U CPU @ 2.40GHz - HDD 256GB - (RAM) 16.0 GB,1,1,2024-09-23,,FR3VNH2,,dig\komalpreet,Diamond,#19531,,2024-08-28,,,,,,
142,Dell - Laptop,Dell Latitude 7480,System Model Latitude 7480 - i5-6300U CPU @ 2.40GHz - HDD 256GB - (RAM) 16.0 GB,1,1,,,8P338S2 (2018),,dig\harkaran,Diamond,#18435,,2024-08-28,,,,,,
143,,CHARGER - Dell Latitude 7480,Interac to Rajkaran 25$,,1,,,,,Ankit,Diamond,,,2024-09-11,,,,,,
144,VGA Cable,1 VGA Cable,,,1,,,,,Prabjot,Haulage,#19166,,2024-09-12,,,,,,
145,1 VGA to display converter cable,1 VGA to display converter cable,,,1,,,,,harpreet,Haulage,#19190,,2024-09-12,,,,,,
146,Yealink,Yealink T53,,1,1,2024-09-12,,201086D051012425,805E0C2F4D01,Dispatch Team,Haulage,#19076,,2024-09-12,,,,,,
147,LCD Monitor,HP Compaq LA2306x Monitor,,,1,2024-09-12,,3CQ3092RS0,Product No. XN 375A,Dispatch Team,Haulage,#19075,,2024-09-12,,,,,,
148,LCD Monitor,HP Compaq LA2306x Monitor,,,1,2024-09-12,,3CQ2480XT6,Product No. XN375A,Dispatch Team,Haulage,#19075,,2024-09-12,,,,,,
149,HP - CPU,HP Compaq 82100 Elite,,Old PC from Gracious,1,2024-09-19,,2UA2032151,,Hi End,Hi End,#19547,,2024-09-19,,,,,,
150,Yealink,Business Phone - SIP - T53,,1,1,,,301086G041006453,44DBD22CD107,,Haulage,#19682,,2024-09-24,,,,,,
151,Yealink,Business Phone - SIP - T53,,1,1,,,301086G041006441,44DBD22CD315,,Haulage,#19682,,2024-09-24,,,,,,
152,Yealink,Business Phone - SIP - T53,,1,1,,,301086G041009418,44DBD22CCD89,,Haulage,#19682,,2024-09-24,,,,,,
153,Yealink,Business Phone - SIP - T53,,1,1,,,301086G041009439,44DBD22CCC12,,Haulage,#19682,,2024-09-24,,,,,,
154,Yealink,Business Phone - SIP - T53,,1,1,2025-01-27,,301086G041009441,44DBD22CD8DD,,Haulage,#22609,,2024-09-24,,,,,,
155,Dell,LCD S2725H,,1,1,2024-10-30,,CN-0V8C56-WSL00-42S-327B,29THK04,,Diamond,#20553,,2024-09-25,,,,,,
156,Dell,LCD S2725H,,1,1,2024-10-30,,CN-0V8C56-WSL00-42S-324B,H8THK04,,Diamond,#20553,,2024-09-25,,,,,,
157,Dell,LCD S2725H,,1,1,2024-10-30,,CN-0V8C56-WSL00-42S-308B,H7THK04,,Diamond,#20553,,2024-09-25,,,,,,
158,Dell,LCD S2725H,,1,1,2025-01-24,,CN-0V8C56-WSL00-42S-313B,Service Tag# 48THK04,249,Haulage,#23406,,2024-09-25,,,,,,
159,Dell,LCD S2725H,,1,,,,CN-0V8C56-WSL00-42S-322B,F8THK04,,,,,2024-09-25,,,,,,
160,CISCO,Cisco Switches,,1,1,2024-11-05,,FOC1902Z1QT,,,Gracious,#20781,,2024-09-30,,,,,,
161,CISCO,Cisco Switches,Serial Number was not confirmed,1,1,2024-10-25,,FOC1704Z28T,Serial Number was not confirmed,,Diamond,#20553,,2024-09-30,,,,,,
162,Dell,Keyboards,,12,,,,,,,,,,2024-09-30,,,,,,
163,CISCO,Cisco Switches,,1,,,,FOC1437Y45C,,,,,,2024-09-30,,,,,,
164,CISCO,Cisco Switches,,1,,,,FOC1733Z290,,,,,,2024-09-30,,,,,,
165,CISCO,Cisco Switches,,1,,,,CAT090R0VL,,,,,,2024-09-30,,,,,,
166,CISCO,Cisco Switches,,1,,,,FOC1647W093,,,,,,2024-09-30,,,,,,
167,Dell,Dell Opti Plex,i5 6th Gen 16 GB RAM 512 GB SSD,1,1,2024-10-30,,HV1QZV2,,,Diamond,#20553,,2024-10-28,,,,,,
168,Dell,Dell Opti Plex,i5 6th Gen 16 GB RAM 512 GB SSD,1,,,,HV0XZV2,Returned to Vendor,Faulty Shuts down ,,,,2024-10-28,,,,,,
169,Dell,Dell Opti Plex,i5 6th Gen 16 GB RAM 512 GB SSD,1,1,2024-10-30,,89KPCP2,,,Diamond,#20553,,2024-10-28,,,,,,
170,Dell,Dell Opti Plex,i5 6th Gen 16 GB RAM 512 GB SSD,1,1,2024-10-30,,HV1RZV2,,,Diamond,#20553,,2024-10-28,,,,,,
171,Dell,Dell Opti Plex,i5 6th Gen 16 GB RAM 512 GB SSD,1,1,2024-10-30,,HV0NZV2,,,Diamond,#20553,,2024-10-28,,,,,,
172,Dell,Dell Opti Plex,i5 6th Gen 16 GB RAM 512 GB SSD,1,1,2024-10-30,,HV1NZV2,,,Diamond,#20553,,2024-10-28,,,,,,
173,Dell,Dell Latitude 7480, i5-6300U CPU @ 2.40GHz - HDD 256GB SSD - (RAM) 16.0 GB,1,1,2024-11-04,,3QR4QQ2,,,Diamond,#20646,,2024-10-31,,,,,,
174,Dell,Dell Latitude 7470, i5-6300U CPU @ 2.40GHz - HDD 256GB SSD - (RAM) 16.0 GB,1,1,2024-11-04,,4XB80G2,,,Diamond,#20646,,2024-10-31,,,,,,
175,Dell,Dell Latitude 7480, i5-6300U CPU @ 2.40GHz - HDD 256GB SSD - (RAM) 16.0 GB,1,1,2024-11-15,,GFKGPQ2,,,Diamond,#21011,,2024-10-31,,,,,,
176,Dell,Dell Latitude 7480,System Model Latitude 7480 - i5-6300U CPU @ 2.40GHz - HDD 256GB - (RAM) 16.0 GB,1,1,2024-11-11,,5B6M1N2,dig\Mamoon,Battery replaced by Vendor,Diamond,#20771,,2024-10-31,,,,,,
177,Dell,Dell Opti Plex,i5 6th Gen 16 GB RAM 512 GB SSD,1,1,2025-12-05,,HTZHZV2,Edward Hajjar,,Icon Logistics,#21571,,2024-10-31,,,,,,
178,Dell,Dell Latitude 5480, i5-6300U CPU @ 2.40GHz - HDD 256GB SSD - (RAM) 16.0 GB,1,1,2025-11-20,,3KT0X2,dig\kulvir,,Diamond,#21155,,2024-11-19,,,,,,
179,Lenovo,Lenovo ThinkPad T480s,"i7-8650U CPU @ 1.90GHz, 2112 Mhz, 4 Core(s)  RAM 16.0 GB HDD 512 GB NVMe",1,1,2025-11-21,,PC15541J, A0-51-0B-0C-FA-FD,Manjit,A Spec Precision,#20818,,2024-11-19,,,,,,
180,Lenovo,Lenovo ThinkPad T480s,"i7-8650U CPU @ 1.70GHz, 1896 Mhz, 4 Core(s)  RAM 16.0 GB HDD 250 GB NVMe",1,1,2024-11-25,,PC19DLEY,,Aditya  (Asif),Diamond,#21265,,2024-11-19,,,,,,
181,Yealink,Business Phone - SIP - T54W,6/30/2024,1,1,2025-01-31,,201081E101200415,249AD826BD82,,Diamond,#22891,,2024-12-11,,,,,,
182,Yealink,Business Phone - SIP - T54W,6/30/2024,1,1,2025-01-31,,301081E081243935,249AD810B7D7,,Diamond,#22891,,2024-12-11,,,,,,
183,Dell,Dell Latitude E7470,"Intel(R) Core(TM) i7-6650U CPU @ 2.20GHz, 2201 Mhz, 2 Core(s), 4 Logical Processor(s), (RAM)16.0 GB,HDD 256GB NVMe
",,1,2024-12-17,,7HC0PC2,dig\sukhveer,,Diamond,#22000,,2024-12-17,,,,,,
184,,Cable - HDMI to DVI,,4,,,,Stock re-checked,Store Top Drawer,,,,,2024-12-19,,,,,,
185,9.8 feet,Cable - HDMI to DVI,,1,,,,Stock re-checked,Store Top Drawer,,,,,2024-12-19,,,,,,
186,White,Cable - Display,,1,,,,Stock re-checked,Store Top Drawer,,,,,2024-12-19,,,,,,
187,Black,Cable - Display,,2,,,,Stock re-checked,Store Top Drawer,,,,,2024-12-19,,,,,,
188,10 feet,Cable - VGA,,1,,,,Stock re-checked,Store Top Drawer,,,,,2024-12-19,,,,,,
189,6 feet,Cable - VGA,,1,,,,Stock re-checked,Store Top Drawer,,,,,2024-12-19,,,,,,
190,,Cable - VGA,,14,,,,Stock re-checked,Store Top Drawer,,,,,2024-12-19,,,,,,
191,10 feet,Cable - HDMI,,1,,,,Stock re-checked,Store Top Drawer,,,,,2024-12-19,,,,,,
192,,Cable - DVI,,2,,,,Stock re-checked,Store Top Drawer,,,,,2024-12-19,,,,,,
193,,Cable - HDMI to Display,,1,,,,Stock re-checked,Store Top Drawer,,,,,2024-12-19,,,,,,
194,,Cable - HDMI to VGA,,5,,,,Stock re-checked,Store Top Drawer,,,,,2024-12-19,,,,,,
195,,Converter - DVI to Display,,12,,,,Stock re-checked,Store Top Drawer,,,,,2024-12-19,,,,,,
196,,Converter - VGA to Display,,7,,,,Stock re-checked,Store Top Drawer,,,,,2024-12-19,,,,,,
197,,Converter - HDMI to Display,,1,1,2025-01-03,,Stock re-checked,Store Top Drawer,,Gracious,#22631,,2024-12-19,,,,,,
198,,Converter - HDMI to Display,,1,1,2025-01-22,,Stock re-checked,Store Top Drawer,,Haulage,#23345,,2024-12-19,,,,,,
199,,Converter - HDMI to Display,,1,1,2025-01-22,,Stock re-checked,Store Top Drawer,,Haulage,#23345,,2024-12-19,,,,,,
200,,Converter - HDMI to Display,,1,1,2025-01-27,,Stock re-checked,Store Top Drawer,,Haulage,,,2024-12-19,,,,,,
201,,Converter - HDMI to Display,,1,,2025-01-27,,Stock re-checked,Store Top Drawer,,,,Damaged,2024-12-19,,,,,,
202,,Converter - HDMI to Display,,1,,2025-01-27,,Stock re-checked,Store Top Drawer,,,,Damaged,2024-12-19,,,,,,
203,Cat6 - 1 feet,N/W Cable,,20,,,,Stock re-checked,Store Middle Drawer,,,,,2024-12-19,,,,,,
204,Cat5e - 6 Inch,N/W Cable,,9,,,,Stock re-checked,Store Middle Drawer,,,,,2024-12-19,,,,,,
205,Cat6 - 75 feet,N/W Cable,,1,,,,Stock re-checked,Store Middle Drawer,,,,,2024-12-19,,,,,,
206,Cat6 - 100 feet,N/W Cable,,1,,,,Stock re-checked,Store Middle Drawer,,,,,2024-12-19,,,,,,
207,Cat6 - 10 feet,N/W Cable,,4,,,,Stock re-checked,Store Middle Drawer,,,,,2024-12-19,,,,,,
208,Cat6 - 7 feet,N/W Cable,,1,,,,Stock re-checked,Store Middle Drawer,,,,,2024-12-19,,,,,,
209,,N/W USB - RJ45 Ext Adapter,,1,,,,Stock re-checked,Store Middle Drawer,,,,,2024-12-19,,,,,,
210,,Phone Spiral Cords,,1,1,2025-01-03,,Stock re-checked,Reception Desk Lower Drawer,,Gracious - Dhvani,#22633,,2024-12-19,,,,,,
211,,Phone Spiral Cords,,1,,,,Stock re-checked,Reception Desk Lower Drawer,,,,,2024-12-19,,,,,,
212,,Phone Spiral Cords,,1,,,,Stock re-checked,Reception Desk Lower Drawer,,,,,2024-12-19,,,,,,
213,,Phone Spiral Cords,,1,,,,Stock re-checked,Reception Desk Lower Drawer,,,,,2024-12-19,,,,,,
214,,Phone Spiral Cords,,1,,,,Stock re-checked,Reception Desk Lower Drawer,,,,,2024-12-19,,,,,,
215,,Phone Spiral Cords,,1,,,,Stock re-checked,Reception Desk Lower Drawer,,,,,2024-12-19,,,,,,
216,,Phone Spiral Cords,,1,,,,Stock re-checked,Reception Desk Lower Drawer,,,,,2024-12-19,,,,,,
217,,Phone Spiral Cords,,1,,,,Stock re-checked,Reception Desk Lower Drawer,,,,,2024-12-19,,,,,,
218,,Phone Spiral Cords,,1,,,,Stock re-checked,Reception Desk Lower Drawer,,,,,2024-12-19,,,,,,
219,,Phone Spiral Cords,,1,,,,Stock re-checked,Reception Desk Lower Drawer,,,,,2024-12-19,,,,,,
220,,Phone Spiral Cords,,1,,,,Stock re-checked,Reception Desk Lower Drawer,,,,,2024-12-19,,,,,,
221,,Printer Cable,,5,,,,Stock re-checked,Reception Desk Lower Drawer,,,,,2024-12-19,,,,,,
222,Aux - 35 feet,Audio Cable,,1,,,,Stock re-checked,Store Room Shelf,,,,,2024-12-19,,,,,,
223,Yealink - Output 5v - 600mA,Phone Power Adapters,,1,,,,Stock re-checked,Reception Desk Lower Drawer,,,,,2024-12-19,,,,,,
224,Yealink - Output 5v - 600mA,Phone Power Adapters,,1,,,,Stock re-checked,Store Room Shelf,,,,,2024-12-19,,,,,,
225,No Name - Output 6v - 300mA,Power Adapters,,1,,,,Stock re-checked,Store Room Shelf,,,,,2024-12-19,,,,,,
226,Pace - Output 5.1v - 2A,Power Adapters,,2,,,,Stock re-checked,Store Room Shelf,,,,,2024-12-19,,,,,,
227,Sony - output 5v - 2000mA,Power Adapters,,1,,,,Stock re-checked,Store Room Shelf,,,,,2024-12-19,,,,,,
228,No Name - Output 12v - 3A,Power Adapters,,2,,,,Stock re-checked,Store Room Shelf,,,,,2024-12-19,,,,,,
229,No Name - Output 12v - 1A,Power Adapters,,2,,,,Stock re-checked,Store Room Shelf,,,,,2024-12-19,,,,,,
230,DVE - Output 12v - 1A,Power Adapters,,1,,,,Stock re-checked,Store Room Shelf,,,,,2024-12-19,,,,,,
231,MassPower - Output 12v - 1A,Power Adapters,,2,,,,Stock re-checked,Store Room Shelf,,,,,2024-12-19,,,,,,
232,GCI Transformer - Output 12VDC 800mA,Power Adapters,,1,1,2024-12-31,,Stock re-checked,Store Room Shelf,,Gracious,,,2024-12-19,,,,,,
233,No Name - Output 12v - 5A,Power Adapters,,1,,,,Stock re-checked,Store Room Shelf,,,,,2024-12-19,,,,,,
234,GCI Transformer - Output 12VDC 500mA,Power Adapters,,2,,,,Stock re-checked,Store Room Shelf,,,,,2024-12-19,,,,,,
235,No Name - Output 12V 3.33A,Power Adapters,,3,,,,Stock re-checked,Store Room Shelf,,,,,2024-12-19,,,,,,
236,GCI Transformer - Output 12VDC 1000mA,Power Adapters,,2,,,,Stock re-checked,Store Room Shelf,,,,,2024-12-19,,,,,,
237,Fine - Output 9V 500mA,Power Adapters,,1,,,,Stock re-checked,Store Room Shelf,,,,,2024-12-19,,,,,,
238,No Name - Output 12v - 5000mA,Power Adapters,,1,,,,Stock re-checked,Store Room Shelf,,,,,2024-12-19,,,,,,
239,No Name - Output 12v - 2000mA,Power Adapters,,1,,,,Stock re-checked,Store Room Shelf,,,,,2024-12-19,,,,,,
240,D Link - Output 5v - 2A,Power Adapters,,1,,,,Stock re-checked,Store Room Shelf,,,,,2024-12-19,,,,,,
241,No Name - Output 5V - 1.2A,Power Adapters,,2,,,,Stock re-checked,Store Room Shelf,,,,,2024-12-19,,,,,,
242,SagemCom - Output 12v - 2A,Power Adapters,,1,,,,Stock re-checked,Store Room Shelf,,,,,2024-12-19,,,,,,
243,TP-Link - Output 9V - 0.6A,Power Adapters,,1,,,,Stock re-checked,Store Room Shelf,,,,,2024-12-19,,,,,,
244,Mass Power - Output 12.0V - 0.5A,Power Adapters,,3,,,,Stock re-checked,Store Room Shelf,,,,,2024-12-19,,,,,,
245,UllPower - Output - 24V - 800mA,Power Adapters,,1,,,,Stock re-checked,Store Room Shelf,,,,,2024-12-19,,,,,,
246,DVE - Output - +5V - 2.5A,Power Adapters,,1,,,,Stock re-checked,Store Room Shelf,,,,,2024-12-19,,,,,,
247,Mass Power - Model#E096-1A530181B3 (Output - 53.0V - 1.81A),Laptop Adapters,,1,,,,Stock re-checked,Store Room Shelf,,,,,2024-12-19,,,,,,
248,APO - Model#DA-36P12 [Output 12V -3A],Laptop Adapters,,1,,,,Stock re-checked,Store Room Shelf,,,,,2024-12-19,,,,,,
249,Dell - Model# LA130 PM 121 [Output 19.5V - 6.7A],Laptop Adapters,,2,,,,Stock re-checked,Store Room Shelf,,,,,2024-12-19,,,,,,
250,Model F150503-B Output 12V - 4.16A [50W],Laptop Adapters,,1,,,,Stock re-checked,Store Room Shelf,,,,,2024-12-19,,,,,,
251,Phihong - N136 [Output +12V -2.5A],Laptop Adapters,,1,,,,Stock re-checked,Store Room Shelf,,,,,2024-12-19,,,,,,
252,Lenovo - Model - ADLX65NCC2A [20V - 3.25A],Laptop Adapters,,1,,,,Stock re-checked,Store Room Shelf,,,,,2024-12-19,,,,,,
253,Lenovo - Model - PA-1151-11VA [ Output 19.5V - 7.7A],Laptop Adapters,,1,,,,Stock re-checked,Store Room Shelf,,,,,2024-12-19,,,,,,
254,Dell - Model# FA90PE1-00 [Output 19.5V - 4.62A],Laptop Adapters,,1,,,,Stock re-checked,Store Room Shelf,,,,,2024-12-19,,,,,,
255,HP - Model # 0957-2084 [Output 32V - 16A],Laptop Adapters,,1,,,,Stock re-checked,Store Room Shelf,,,,,2024-12-19,,,,,,
256,Dell - Model# DA130PE1-00 [Output 19.5V - 6.7A],Laptop Adapters,,1,,,,Stock re-checked,Store Room Shelf,,,,,2024-12-19,,,,,,
257,HP Output - 19.5 V - 3.33A,Laptop Adapters,,1,,,,Stock re-checked,Store Room Shelf,,,,,2024-12-19,,,,,,
258,Dell PA 1900   Output 19.5 V - 4.62A,Laptop Adapters,,1,,,,Stock re-checked,Store Room Shelf,,,,,2024-12-19,,,,,,
259,Dell DA130PE1-00 Output 19.5 V - 6.7A,Laptop Adapters,,1,,,,Stock re-checked,Store Room Shelf,,,,,2024-12-19,,,,,,
260,Toshiba Adp 75SB Output 19V - 3.95A,Laptop Adapters,,1,,,,Stock re-checked,Store Room Shelf,,,,,2024-12-19,,,,,,
261,HP Output - 18.5V - 3.5A,Laptop Adapters,,1,,,,Stock re-checked,Store Room Shelf,,,,,2024-12-19,,,,,,
262,No Name Output 18.5v - 3.5A,Laptop Adapters,,1,,,,Stock re-checked,Store Room Shelf,,,,,2024-12-19,,,,,,
263,Miscellaneous Cables Box,USB Extender Cable,,1,,,,Stock re-checked,Store Room Shelf,,,,,2024-12-19,,,,,,
264,Miscellaneous Cables Box,WiFi Antennas,,2,,,,Stock re-checked,Store Room Shelf,,,,,2024-12-19,,,,,,
265,Miscellaneous Cables Box,USB Data Cable,,1,,,,Stock re-checked,Store Room Shelf,,,,,2024-12-19,,,,,,
266,Miscellaneous Cables Box,A/V cable,,1,,,,Stock re-checked,Store Room Shelf,,,,,2024-12-19,,,,,,
267,Miscellaneous Cables Box,Power Bars,,10,,,,Stock re-checked,Printer Drawer,,,,,2024-12-19,,,,,,
268,Fluke +  Cable Testing Tools,N/W Testing Tools,,1,,,,Stock re-checked,Accountant Office Drawer,,,,1 each,2024-12-19,,,,,,
269,Dell Laptop,Latitude 7400,,1,1,2024-12-20,,JXXV0Z2,i5 8th Gen - 8 GB RAM - 256 NVMe,,Vendor,,,2024-12-20,,,,,,
270,Dell Laptop,Latitude 7400,,1,1,2024-12-20,,FVB72Z2,i5 8th Gen - 8 GB RAM - 256 NVMe,,Vendor,,,2024-12-20,,,,,,
271,Dell Laptop,Latitude 7400,,1,1,2024-12-20,,8GZ62Z2,i5 8th Gen - 8 GB RAM - 256 NVMe,,Vendor,,,2024-12-20,,,,,,
272,Dell Laptop,Latitude 7400,,1,1,2024-12-20,,DWKP533,i5 8th Gen - 8 GB RAM - 256 NVMe,,Vendor,,,2024-12-20,,,,,,
273,Dell Laptop,Latitude 7400,,1,1,2024-12-20,,HYM2L13,i5 8th Gen - 8 GB RAM - 256 NVMe,,Vendor,,,2024-12-20,,,,,,
274,Dell Laptop,Latitude 7400,,1,1,2024-12-20,,HGPB3X2,i5 8th Gen - 8 GB RAM - 256 NVMe,,Vendor,,,2024-12-20,,,,,,
275,Dell Laptop,Latitude 7400,,1,1,2024-12-20,,3VLX0Z2,i5 8th Gen - 8 GB RAM - 256 NVMe,,Vendor,,,2024-12-20,,,,,,
276,Dell Laptop,Latitude 7400,,1,1,2024-12-20,,8WTN2Z2,i5 8th Gen - 8 GB RAM - 256 NVMe,,Vendor,,,2024-12-20,,,,,,
277,Dell Laptop,Latitude 7400,,1,1,2024-12-20,,3FC3L13,i5 8th Gen - 8 GB RAM - 256 NVMe,,Vendor,,,2024-12-20,,,,,,
278,Dell Laptop,Latitude 7400,,1,1,2024-12-20,,3V3H533,i5 8th Gen - 8 GB RAM - 256 NVMe,NOT Turning ON,Vendor,,,2024-12-20,,,,,,
279,Dell Laptop,Latitude 7400,,1,1,2024-12-20,,BK03L13,i5 8th Gen - 8 GB RAM - 256 NVMe,,Vendor,,,2024-12-20,,,,,,
280,Dell Laptop,Latitude 7400,,1,1,,,HCNX0Z2,i5 8th Gen - 8 GB RAM - 256 NVMe,,Vendor,,,2024-12-20,,,,,,
281,Dell Laptop,Latitude 7400,,1,1,,,819MN13,i5 8th Gen - 8 GB RAM - 256 NVMe,,Vendor,,,2024-12-20,,,,,,
282,Dell Laptop,Latitude 7400,,1,1,,,9GXG633,i5 8th Gen - 8 GB RAM - 256 NVMe,,Vendor,,,2024-12-20,,,,,,
283,Dell Laptop,Latitude 7400,,1,1,,,D9CG633,i5 8th Gen - 8 GB RAM - 256 NVMe,,Vendor,,,2024-12-20,,,,,,
284,Dell Laptop,Latitude 7400,,1,1,,,GFHH533,i5 8th Gen - 8 GB RAM - 256 NVMe,,Vendor,,,2024-12-20,,,,,,
285,Dell Laptop,Latitude 7400,,1,1,,,GH9X2X2,i5 8th Gen - 8 GB RAM - 256 NVMe,,Vendor,,,2024-12-20,,,,,,
286,Dell Laptop,Latitude 7400,,1,1,,,849X2X2,i5 8th Gen - 8 GB RAM - 256 NVMe,,Vendor,,,2024-12-20,,,,,,
287,TP Link - 16-Port  Gigabit Desktop Switch (12V x 1A),TP-Link TL-sg116,,1,1,2024-12-31,,2.22627E+12,,,Gracious,#22559,,2024-12-24,,,,,,
288,Ubiquiti Inc,UniFi AP AC PRO,,1,,,,(G)245A4C2606BF,,,,,,2024-12-27,,,,,,
289,Dell,LCD S2725H,,1,1,2025-01-24,,C0W4H34,,,Haulage,#23406,,2024-12-30,,,,,,
290,Dell,LCD S2725H,,1,1,2025-01-22,,DZT4H34,,,Haulage,#23345,,2024-12-30,,,,,,
291,Dell,LCD S2725H,,1,1,2025-01-22,,HJT4H34,,,Haulage,#23345,,2024-12-30,,,,,,
292,Dell,LCD S2725H,,1,1,2025-01-03,,GMV4H34,,,Gracious,#22632,,2024-12-30,,,,,,
293,Dell Laptop,Dell Latitude 7480,,1,1,2025-01-10,,FXSF3H2,"i5-7300U 16 GB, 256 GB NVMe",,Diamond,#22766,,2025-01-08,,,,,,
294,Dell Laptop,Dell Latitude 7490,,1,1,2025-01-10,,7Y6HTQ2,"i5-7300U 16 GB, 256 GB NVMe",,Diamond,#22766,,2025-01-08,,,,,,
295,Dell Laptop,Dell Latitude 7490,,1,1,2025-01-10,,H7DHTQ2,"i5-7300U 16 GB, 256 GB NVMe",,Diamond,#22766,,2025-01-08,,,,,,
296,Dell Laptop,Dell Latitude 7480,,1,1,2025-01-09,,62VP3H2,"i5-7300U 16 GB, 256 GB NVMe",,Diamond,#22474,,2025-01-08,,,,,,
297,Dell Laptop,Dell Latitude 7490,,1,1,2025-01-31,,8S6HTQ2,"i5-7300U 16 GB, 256 GB NVMe",,Store Room Shelf,#23558,,2025-01-08,,,,,,
298,Dell Laptop,Dell Latitude 7490,,1,,,,4Q6HTQ2,"i5-7300U 16 GB, 256 GB NVMe",,Reception Desk,,,2025-01-08,,,,,,
299,Dell Laptop,Dell Latitude 7480,,1,,,,6WSH3H2,"i5-7300U 16 GB, 256 GB NVMe",,Reception Desk,,,2025-01-08,,,,,,
300,Dell Laptop,Dell Latitude 7490,,1,,,,5YKHTQ2,"i5-7300U 16 GB, 256 GB NVMe",,Store Room Shelf,,,2025-01-08,,,,,,
301,Dell Laptop,Dell Latitude 7400,,1,,,,FVXNW33,"i5-7300U 16 GB, 256 GB NVMe",,Store Room Shelf,,,2025-01-08,,,,,,
302,Dell Laptop,Dell Latitude 7490,,1,,,,4NBBLQ2,"i5-7300U 16 GB, 256 GB NVMe",TouchScreen,Store Room Shelf,,,2025-01-08,,,,,,
303,HP CPU,HP EliteDesk 800 G5 SFF,,1,1,2025-01-24,,MXL9515F3Z,,,Haulage,#23406,,2025-01-23,,,,,,
304,HP Monitor,HP E22 G4 Monitor,,1,1,2025-01-24,,CNK1391269,,,Haulage,#23406,,2025-01-23,,,,,,
305,HP Monitor,HP E22 G4 Monitor,,1,1,2025-01-24,,6CM20819W3,,,Haulage,#23406,,2025-01-23,,,,,,
306,Laptop,Lenovo ThinkPad T480s,,1,1,2025-01-27,,PC0W91JA,"16.0 GB, i7-8550U, 1 TB NVMe",,MetroX,#23089,,2025-01-24,,,,,,
307,HP CPU,HP EliteDesk 800 G5 SFF CPU,,1,,,,MXL01826JF,Product# 9LL14EC#ABA,Windows 10 Pro - i7 8th Gen,,,,2025-01-29,,,,,,
308,HP CPU,HP EliteDesk 800 G5 SFF CPU,,1,,,,CZC9277TGK,Product# 5ZU14EC#ABJ,Windows 10 Pro - i7 8th Gen,,,,2025-01-29,,,,,,
309,HP CPU,HP EliteDesk 800 G5 SFF CPU,,1,,,,MXL0112VMD,Product# 8MB14UP# ABA,Windows 10 Pro - i5 9th Gen,,,,2025-01-29,,,,,,
310,HP CPU,HP EliteDesk 800 G5 SFF CPU,,1,,,,MXL011264Q,Product# 8MB14UP# ABA,Windows 10 Pro - i5 9th Gen,,,,2025-01-29,,,,,,
311,HP CPU,HP EliteDesk 800 G5 SFF CPU,,1,,,,MXL011264S,Product# 8MB14UP# ABA,Windows 10 Pro - i5 9th Gen,,,,2025-01-29,,,,,,
312,HP Monitor,HP E22 G4 Monitor,,1,,,,CNK1381KX0,,21.5 inch,,,,2025-01-29,,,,,,
313,HP Monitor,HP E22 G4 Monitor,,1,,,,CNK2010RDH,,21.5 inch,,,,2025-01-29,,,,,,
314,HP Monitor,HP E22 G4 Monitor,,1,,,,6CM2081BOX,,21.5 inch,,,,2025-01-29,,,,,,
315,HP Monitor,HP E22 G4 Monitor,,1,,,,6CM20819WV,,21.5 inch,,,,2025-01-29,,,,,,
316,,Hard Disk,,4,,,,,1 TB HD,,,,,2025-01-29,,,,,,
317,Yealink,Business Phone - SIP - T54W,,1,1,2025-01-31,,801081G070062537,44DBD2622FOE,,Diamond,#22891,,2025-01-30,,,,,,
318,Yealink,Business Phone - SIP - T54W,,1,1,2025-01-31,,801081G070062754,44DBD262276E,,Diamond,#22891,,2025-01-30,,,,,,
319,Yealink,Business Phone - SIP - T53,,1,,,,301086G060001417,44DBD24E388D,Manu Desk,,,,2025-01-30,,,,,,
